1.7.20.1,jit,warmup,82.164,0.0,82.164,82.16499996185303
1.7.20.1,jit,middle,775.1850000000001,0.0,775.1850000000001,775.1849999427795
1.7.20.1,jit,tail,79.35799999999995,0.0,79.35799999999995,79.35800004005432
1.7.20.1,off,warmup,119.943,0.0,119.943,119.9430000782013
1.7.20.1,off,middle,1180.235,0.0,1180.235,1180.2349998950958
1.7.20.1,off,tail,119.49000000000001,0.0,119.49000000000001,119.49000000953674
9.1.1.0,jit,warmup,108.14,1.45,109.59,86.27444590099913
9.1.1.0,jit,middle,826.06,3.7399999999999998,829.8,804.475619556004
9.1.1.0,jit,tail,81.21999999999991,0.20999999999999996,81.42999999999991,79.94419271699735
9.1.1.0,off,warmup,214.54,1.58,216.12,197.09231567798997
9.1.1.0,off,middle,1999.1600000000003,4.9799999999999995,2004.1400000000003,1974.2459455770004
9.1.1.0,off,tail,200.3199999999997,0.5100000000000007,200.8299999999997,198.179621659001
